-- Neighborhood Engagement Hub - Entity & Property Metadata
-- NOTE: Uses direct INSERT instead of upsert_entity_metadata() because init scripts
-- run as postgres superuser, not through JWT auth (which is_admin() requires).

-- Entity display configuration
INSERT INTO metadata.entities (table_name, display_name, description, search_fields, sort_order)
VALUES
  ('tool_categories',   'Tool Categories',   'Categories of tools available for borrowing', '{display_name}', 1),
  ('tool_types',        'Tool Types',        'Specific types of tools within each category', '{display_name}', 2),
  ('tool_instances',    'Tool Instances',    'Individual tools tracked for lending', '{display_name}', 3),
  ('borrowers',         'Borrowers',         'Community members who borrow tools', '{display_name,phone,email}', 4),
  ('tool_reservations', 'Tool Reservations', 'Reservations for borrowing tools', '{display_name}', 5),
  ('tool_reservation_tools', 'Tool Selection', 'Selected tools for reservation', NULL, 5),
  ('tool_reservation_work_site', 'Work Site', 'Parcel selections for reservation', NULL, 5),
  ('tool_reservation_checkouts', 'Checkouts', 'Checkout records for tool reservations', NULL, 5),
  ('projects',          'Projects',          'Neighborhood improvement projects', '{display_name}', 6),
  ('parcels',           'Parcels',           'Properties in the neighborhood', '{display_name,parcel_number,prop_street,prop_zip}', 7)
ON CONFLICT (table_name) DO UPDATE
  SET display_name = EXCLUDED.display_name,
      description = EXCLUDED.description,
      search_fields = EXCLUDED.search_fields,
      sort_order = EXCLUDED.sort_order;

-- Property display configuration
-- Hide timestamps from list/create
INSERT INTO metadata.properties (table_name, column_name, show_on_list, show_on_create, show_on_edit)
VALUES
  ('tool_categories', 'created_at', false, false, false),
  ('tool_categories', 'updated_at', false, false, false),
  ('tool_types', 'created_at', false, false, false),
  ('tool_types', 'updated_at', false, false, false),
  ('borrowers', 'created_at', false, false, false),
  ('borrowers', 'updated_at', false, false, false),
  ('tool_reservations', 'created_at', false, false, false),
  ('tool_reservations', 'updated_at', false, false, false),
  ('projects', 'created_at', false, false, false),
  ('projects', 'updated_at', false, false, false),
  ('tool_instances', 'created_at', false, false, false),
  ('tool_instances', 'updated_at', false, false, false),
  ('parcels', 'created_at', false, false, false),
  ('parcels', 'updated_at', false, false, false),
  -- Step table: tool_reservation_tools (timestamps + FK hidden)
  ('tool_reservation_tools', 'created_at', false, false, false),
  ('tool_reservation_tools', 'updated_at', false, false, false),
  ('tool_reservation_tools', 'tool_reservation_id', false, false, false),
  -- Step table: tool_reservation_work_site (timestamps + FK hidden)
  ('tool_reservation_work_site', 'created_at', false, false, false),
  ('tool_reservation_work_site', 'updated_at', false, false, false),
  ('tool_reservation_work_site', 'tool_reservation_id', false, false, false),
  -- Checkout entity (timestamps + FK hidden)
  ('tool_reservation_checkouts', 'created_at', false, false, false),
  ('tool_reservation_checkouts', 'updated_at', false, false, false),
  ('tool_reservation_checkouts', 'tool_reservation_id', false, false, false)
ON CONFLICT (table_name, column_name) DO UPDATE
  SET show_on_list = EXCLUDED.show_on_list,
      show_on_create = EXCLUDED.show_on_create,
      show_on_edit = EXCLUDED.show_on_edit;

-- Configure Status type columns
INSERT INTO metadata.properties (table_name, column_name, display_name, status_entity_type)
VALUES
  ('borrowers', 'status_id', 'Status', 'borrowers'),
  ('tool_instances', 'status_id', 'Condition', 'tool_instances'),
  ('tool_reservation_checkouts', 'status_id', 'Checkout Status', 'tool_reservation_checkouts')
ON CONFLICT (table_name, column_name) DO UPDATE
  SET display_name = EXCLUDED.display_name,
      status_entity_type = EXCLUDED.status_entity_type;

-- Hide display_name from create (auto-generated by trigger) and reserved_date (redundant with timeslot)
INSERT INTO metadata.properties (table_name, column_name, show_on_list, show_on_create, show_on_edit, show_on_detail)
VALUES
  ('tool_reservations', 'display_name', true, false, false, false),
  ('tool_reservations', 'reserved_date', false, false, false, false)
ON CONFLICT (table_name, column_name) DO UPDATE
  SET show_on_list = EXCLUDED.show_on_list,
      show_on_create = EXCLUDED.show_on_create,
      show_on_edit = EXCLUDED.show_on_edit,
      show_on_detail = EXCLUDED.show_on_detail;

-- Remove stale metadata for deleted columns (category_id, tool_type_id, quantity, checkout_photos, etc.)
DELETE FROM metadata.properties
WHERE table_name = 'tool_reservations'
  AND column_name IN ('category_id', 'tool_type_id', 'quantity', 'checkout_photos', 'return_photos', 'checkout_notes', 'return_notes');

-- ============================================================================
-- CATEGORIES (v0.34.0+)
-- ============================================================================

-- Add category group for inventory module
INSERT INTO metadata.category_groups (entity_type, display_name)
VALUES ('inventory_module', 'Inventory Module')
ON CONFLICT (entity_type) DO NOTHING;

-- Register categories for Tool Shed and Event Kit
INSERT INTO metadata.categories (entity_type, display_name, category_key, color, sort_order)
VALUES
  ('inventory_module', 'Tool Shed', 'tool_shed', '#22c55e', 1),
  ('inventory_module', 'Event Kit', 'event_kit', '#3b82f6', 2)
ON CONFLICT (entity_type, display_name) DO NOTHING;


-- Parcel eligibility category group + values
INSERT INTO metadata.category_groups (entity_type, display_name)
VALUES ('parcel_eligibility', 'Parcel Eligibility');

INSERT INTO metadata.categories (entity_type, display_name, category_key, color, sort_order)
VALUES
  ('parcel_eligibility', 'Good',       'good',       '#22c55e', 1),
  ('parcel_eligibility', 'Few Issues', 'few_issues', '#f59e0b', 2),
  ('parcel_eligibility', 'Ineligible', 'ineligible', '#ef4444', 3);

-- Configure eligibility column as Category type
INSERT INTO metadata.properties (table_name, column_name, display_name, category_entity_type)
VALUES ('parcels', 'eligibility', 'Eligibility', 'parcel_eligibility')
ON CONFLICT (table_name, column_name) DO UPDATE
  SET display_name = EXCLUDED.display_name,
      category_entity_type = EXCLUDED.category_entity_type;

-- Parcel property class category group + values (polygon color source)
INSERT INTO metadata.category_groups (entity_type, display_name)
VALUES ('parcel_property_class', 'Property Class');

INSERT INTO metadata.categories (entity_type, display_name, category_key, color, sort_order)
VALUES
  ('parcel_property_class', 'Residential',  'residential',  '#22c55e', 1),
  ('parcel_property_class', 'Commercial',   'commercial',   '#3b82f6', 2),
  ('parcel_property_class', 'Industrial',   'industrial',   '#f59e0b', 3),
  ('parcel_property_class', 'Agricultural', 'agricultural', '#8b5cf6', 4);

-- Configure property_class column as Category type
INSERT INTO metadata.properties (table_name, column_name, display_name, category_entity_type)
VALUES ('parcels', 'property_class', 'Property Class', 'parcel_property_class')
ON CONFLICT (table_name, column_name) DO UPDATE
  SET display_name = EXCLUDED.display_name,
      category_entity_type = EXCLUDED.category_entity_type;

-- Configure parcels for full-text search (expanded fields) and polygon map
UPDATE metadata.entities SET
  search_fields = '{display_name,parcel_number,prop_street,prop_zip}',
  show_map = true,
  map_property_name = 'boundary',
  map_color_property = 'property_class'
WHERE table_name = 'parcels';

-- Hide boundary from list view (the list page map already shows all polygons)
INSERT INTO metadata.properties (table_name, column_name, show_on_list)
VALUES ('parcels', 'boundary', false)
ON CONFLICT (table_name, column_name) DO UPDATE SET show_on_list = false;

-- Hide civic_os_text_search generated column
INSERT INTO metadata.properties (table_name, column_name, show_on_list, show_on_create, show_on_edit, show_on_detail)
VALUES ('parcels', 'civic_os_text_search', false, false, false, false)
ON CONFLICT (table_name, column_name) DO UPDATE SET
  show_on_list = false, show_on_create = false, show_on_edit = false, show_on_detail = false;

-- ============================================================================
-- PHOTO GALLERY (v0.47.0)
-- ============================================================================

-- Configure gallery constraints for projects.photos
INSERT INTO metadata.photo_gallery_config (table_name, column_name, max_images, allowed_types)
VALUES ('projects', 'photos', 10, 'image/jpeg,image/png,image/webp')
ON CONFLICT (table_name, column_name) DO NOTHING;

-- Configure photos property display
INSERT INTO metadata.properties (table_name, column_name, display_name, sort_order, column_width)
VALUES ('projects', 'photos', 'Photos', 50, 2)
ON CONFLICT (table_name, column_name) DO UPDATE
  SET display_name = EXCLUDED.display_name,
      sort_order = EXCLUDED.sort_order,
      column_width = EXCLUDED.column_width;

-- Configure photo gallery constraints for borrowers
INSERT INTO metadata.photo_gallery_config (table_name, column_name, max_images, allowed_types)
VALUES
  ('borrowers', 'drivers_license_front', 1, 'image/jpeg,image/png,image/webp'),
  ('borrowers', 'drivers_license_back', 1, 'image/jpeg,image/png,image/webp')
ON CONFLICT (table_name, column_name) DO NOTHING;

-- Configure photo gallery properties display
INSERT INTO metadata.properties (table_name, column_name, display_name, sort_order, column_width)
VALUES
  ('borrowers', 'drivers_license_front', 'Driver''s License Front', 60, 1),
  ('borrowers', 'drivers_license_back', 'Driver''s License Back', 61, 1)
ON CONFLICT (table_name, column_name) DO UPDATE
  SET display_name = EXCLUDED.display_name,
      sort_order = EXCLUDED.sort_order,
      column_width = EXCLUDED.column_width;

-- Configure photo gallery for checkout entity
INSERT INTO metadata.photo_gallery_config (table_name, column_name, max_images, allowed_types)
VALUES
  ('tool_reservation_checkouts', 'checkout_photos', 10, 'image/jpeg,image/png,image/webp'),
  ('tool_reservation_checkouts', 'return_photos', 10, 'image/jpeg,image/png,image/webp')
ON CONFLICT (table_name, column_name) DO NOTHING;

INSERT INTO metadata.properties (table_name, column_name, display_name, sort_order, column_width)
VALUES
  ('tool_reservation_checkouts', 'checkout_photos', 'Checkout Photos', 50, 2),
  ('tool_reservation_checkouts', 'return_photos', 'Return Photos', 51, 2)
ON CONFLICT (table_name, column_name) DO UPDATE
  SET display_name = EXCLUDED.display_name,
      sort_order = EXCLUDED.sort_order,
      column_width = EXCLUDED.column_width;

-- ============================================================================
-- M:M SEARCH MODAL + INLINE POSITIONING (v0.46.0)
-- ============================================================================

-- Enable search modal and inline positioning on project_parcels M:M
INSERT INTO metadata.properties (table_name, column_name, fk_search_modal, show_inline)
VALUES ('projects', 'project_parcels_m2m', true, true)
ON CONFLICT (table_name, column_name) DO UPDATE
  SET fk_search_modal = true, show_inline = true;

-- Enable FK search modal on borrower_id with role-aware RPC filter
INSERT INTO metadata.properties (table_name, column_name, fk_search_modal, join_table, options_source_rpc)
VALUES ('tool_reservations', 'borrower_id', true, 'borrowers', 'get_borrowers_for_reservation')
ON CONFLICT (table_name, column_name) DO UPDATE
  SET fk_search_modal = true, join_table = 'borrowers', options_source_rpc = 'get_borrowers_for_reservation';

-- Step 1: Tools M:M (inline search modal with available-only RPC filter)
INSERT INTO metadata.properties (table_name, column_name, fk_search_modal, show_inline, options_source_rpc)
VALUES ('tool_reservation_tools', 'tool_reservation_tool_items_m2m', true, true, 'get_available_tool_types')
ON CONFLICT (table_name, column_name) DO UPDATE
  SET fk_search_modal = true, show_inline = true, options_source_rpc = 'get_available_tool_types';

-- Step 2: Parcels M:M (inline search modal with eligibility RPC filter)
INSERT INTO metadata.properties (table_name, column_name, fk_search_modal, show_inline, options_source_rpc)
VALUES ('tool_reservation_work_site', 'work_site_parcels_m2m', true, true, 'get_eligible_parcels_new')
ON CONFLICT (table_name, column_name) DO UPDATE
  SET fk_search_modal = true, show_inline = true, options_source_rpc = 'get_eligible_parcels_new';

-- Checkout instances M:M (FK search modal for instance selection)
INSERT INTO metadata.properties (table_name, column_name, fk_search_modal, show_inline)
VALUES ('tool_reservation_checkouts', 'checkout_instances_m2m', true, true)
ON CONFLICT (table_name, column_name) DO UPDATE
  SET fk_search_modal = true, show_inline = true;

-- Enable search modal on borrower_id FK for building use requests
INSERT INTO metadata.properties (table_name, column_name, fk_search_modal, join_table, options_source_rpc)
VALUES
  ('building_use_requests', 'borrower_id', true, 'borrowers', 'get_borrowers_for_reservation')
ON CONFLICT (table_name, column_name) DO UPDATE
  SET fk_search_modal = true, join_table = 'borrowers', options_source_rpc = 'get_borrowers_for_reservation';

-- Hide checkout entity from sidebar (accessed via tool reservation detail page)
UPDATE metadata.entities SET show_in_sidebar = false WHERE table_name = 'tool_reservation_checkouts';
