-- =====================================================
-- Mock Data Generated by Civic OS Mock Data Generator
-- Generated at: 2025-11-19T01:45:02.484Z
-- =====================================================

-- Insert mock data for civic_os_users
INSERT INTO "metadata"."civic_os_users" ("id", "display_name") VALUES
  ('daa01e24-d0b7-47e5-a1d8-b7ea1e6203b8', 'Aubrey H.'),
  ('a47f48e1-10cd-4086-8101-05d60a9724d5', 'Marian H.'),
  ('08b07067-6955-4adc-9f64-ca8dbdded3fc', 'Sheri O.'),
  ('5492cd4e-3b99-4475-b0c6-9a23b0ab95fc', 'Jon D.'),
  ('282579f8-7801-46fc-8e63-92cf64843a3e', 'Natalie M.'),
  ('3dff7723-7d36-4d37-a0cb-6bbd703dec6f', 'Cameron W.'),
  ('d327d56a-528d-42ee-8ad5-95d463c28063', 'Justin H.'),
  ('fe395923-cc9b-401d-94df-98d8ca2855f3', 'Elbert K.'),
  ('2b1deb8f-bd09-417d-a7b8-7871bfdd7f1a', 'Erma V.'),
  ('1c0962fc-9661-4eec-9d39-1486871617a1', 'Bennie O.');

-- Insert mock data for civic_os_users_private
INSERT INTO "metadata"."civic_os_users_private" ("id", "display_name", "email", "phone") VALUES
  ('daa01e24-d0b7-47e5-a1d8-b7ea1e6203b8', 'Aubrey Herman', 'aubrey_herman@example.com', '742-965-0756'),
  ('a47f48e1-10cd-4086-8101-05d60a9724d5', 'Marian Huels', 'marian_huels@example.com', '753-296-6736'),
  ('08b07067-6955-4adc-9f64-ca8dbdded3fc', 'Sheri Osinski', 'sheri_osinski@example.com', '259-676-2406'),
  ('5492cd4e-3b99-4475-b0c6-9a23b0ab95fc', 'Jon D''Amore', 'jon.damore81@example.com', '978-669-4121'),
  ('282579f8-7801-46fc-8e63-92cf64843a3e', 'Natalie Medhurst', 'natalie_medhurst@example.com', '157-165-0624'),
  ('3dff7723-7d36-4d37-a0cb-6bbd703dec6f', 'Mr. Cameron Windler', 'mr._windler36@example.com', '532-364-4132'),
  ('d327d56a-528d-42ee-8ad5-95d463c28063', 'Justin Heathcote DVM', 'justin_dvm@example.com', '331-342-3305'),
  ('fe395923-cc9b-401d-94df-98d8ca2855f3', 'Elbert King', 'elbert.king82@example.com', '680-247-6271'),
  ('2b1deb8f-bd09-417d-a7b8-7871bfdd7f1a', 'Erma Veum-Terry', 'erma.veum-terry5@example.com', '971-309-7538'),
  ('1c0962fc-9661-4eec-9d39-1486871617a1', 'Bennie Osinski', 'bennie.osinski31@example.com', '679-289-6899');

-- Insert mock data for participants
INSERT INTO "public"."participants" ("id", "display_name", "birth_date", "home_location", "enrolled_date", "status", "parent_phone") VALUES
  (1, 'Phil Schimmel', '2025-11-10', 'SRID=4326;POINT(-83.729065 43.012244)', '2024-06-05', 'Alumni', '7248455295'),
  (2, 'Ervin Kunde', '2025-10-26', 'SRID=4326;POINT(-83.721962 42.966331)', '2018-06-07', 'Inactive', '2552324563'),
  (3, 'Arlene Sanford DVM', '2025-11-07', 'SRID=4326;POINT(-83.674084 43.024177)', '2022-12-28', 'Active', NULL),
  (4, 'Cody Block-Collier', '2025-10-29', 'SRID=4326;POINT(-83.717003 42.994953)', '2018-10-11', 'Inactive', '4437645685'),
  (5, 'Dr. Marc Hagenes', '2025-11-18', 'SRID=4326;POINT(-83.682012 43.022042)', '2024-12-05', 'Inactive', '9185148917'),
  (6, 'Jo Upton', '2025-11-09', 'SRID=4326;POINT(-83.6572 42.985007)', '2022-09-02', 'Inactive', '5215946546'),
  (7, 'Henrietta Kuhic', '2025-10-23', 'SRID=4326;POINT(-83.719911 43.054723)', '2022-08-10', 'Alumni', '7406992478'),
  (8, 'Jasmine Bashirian', '2025-11-10', 'SRID=4326;POINT(-83.664348 43.056389)', '2023-11-18', 'Alumni', NULL),
  (9, 'Andrew Beahan', '2025-10-24', 'SRID=4326;POINT(-83.729507 43.04988)', '2021-03-15', 'Active', NULL),
  (10, 'Thomas Baumbach-Hauck', '2025-10-23', 'SRID=4326;POINT(-83.706433 43.049782)', '2020-03-30', 'Inactive', '7350710926'),
  (11, 'Mae Jaskolski', '2025-11-09', 'SRID=4326;POINT(-83.736453 43.00943)', '2024-05-20', 'Alumni', '6070500544'),
  (12, 'Shannon Williamson', '2025-10-30', 'SRID=4326;POINT(-83.68403 43.025592)', '2019-01-17', 'Inactive', NULL),
  (13, 'Mrs. Amelia Hagenes', '2025-11-16', 'SRID=4326;POINT(-83.717833 43.051132)', '2020-10-10', 'Alumni', '3385452466'),
  (14, 'Casey Jast', '2025-11-04', 'SRID=4326;POINT(-83.711409 43.05967)', '2021-10-15', 'Alumni', '9695314049'),
  (15, 'Milton Gleichner', '2025-10-21', 'SRID=4326;POINT(-83.686734 42.986121)', '2018-10-01', 'Active', '5609545857'),
  (16, 'Jenny Langosh DDS', '2025-11-13', 'SRID=4326;POINT(-83.719502 43.034115)', '2021-08-27', 'Alumni', '2667963496'),
  (17, 'Estelle Torp', '2025-10-24', 'SRID=4326;POINT(-83.73168 42.996602)', '2022-10-09', 'Alumni', NULL),
  (18, 'Lucy Schoen', '2025-11-17', 'SRID=4326;POINT(-83.724612 43.040655)', '2018-04-18', 'Inactive', '1566990832'),
  (19, 'Guy Ferry', '2025-11-08', 'SRID=4326;POINT(-83.726425 43.032511)', '2019-06-05', 'Inactive', '8237115867'),
  (20, 'Cary Barrows', '2025-11-04', 'SRID=4326;POINT(-83.643379 43.007535)', '2022-03-11', 'Inactive', '0846720801'),
  (21, 'Bryan Schneider', '2025-10-29', 'SRID=4326;POINT(-83.682473 43.041133)', '2018-07-31', 'Inactive', '2236413900'),
  (22, 'Hattie Collier', '2025-11-14', 'SRID=4326;POINT(-83.702001 43.038132)', '2021-01-30', 'Alumni', '9717502547'),
  (23, 'Ollie Satterfield', '2025-11-18', 'SRID=4326;POINT(-83.652307 43.022956)', '2019-11-07', 'Active', '8354733375'),
  (24, 'Howard Hayes', '2025-11-01', 'SRID=4326;POINT(-83.682334 43.039451)', '2019-03-29', 'Inactive', NULL),
  (25, 'Seth Stehr', '2025-11-12', 'SRID=4326;POINT(-83.691005 43.029077)', '2021-11-12', 'Alumni', '7095061645'),
  (26, 'Loretta Zieme', '2025-11-14', 'SRID=4326;POINT(-83.652816 43.027378)', '2025-08-15', 'Alumni', NULL),
  (27, 'Jill Dickens', '2025-11-04', 'SRID=4326;POINT(-83.64612 43.018208)', '2024-04-26', 'Alumni', NULL),
  (28, 'Tomas Cormier', '2025-11-04', 'SRID=4326;POINT(-83.671102 43.001066)', '2019-01-22', 'Active', '7768163755'),
  (29, 'Doyle Funk', '2025-10-28', 'SRID=4326;POINT(-83.660819 42.98592)', '2021-05-06', 'Inactive', NULL),
  (30, 'Marjorie Feil', '2025-10-22', 'SRID=4326;POINT(-83.658856 43.024099)', '2025-09-22', 'Active', '4099072955'),
  (31, 'Micheal Roob', '2025-10-20', 'SRID=4326;POINT(-83.729626 43.029686)', '2018-12-05', 'Alumni', '2137395251'),
  (32, 'Mrs. Jill Roberts', '2025-11-02', 'SRID=4326;POINT(-83.68238 42.964224)', '2023-07-16', 'Alumni', '4841642587'),
  (33, 'Max Wolff III', '2025-11-04', 'SRID=4326;POINT(-83.647599 43.021509)', '2021-04-18', 'Active', '8909156331'),
  (34, 'Christina Watsica', '2025-10-20', 'SRID=4326;POINT(-83.711259 42.994334)', '2020-05-27', 'Inactive', NULL),
  (35, 'Ken Becker', '2025-11-18', 'SRID=4326;POINT(-83.644199 42.987809)', '2020-06-02', 'Active', NULL),
  (36, 'Lillian Wisoky', '2025-10-29', 'SRID=4326;POINT(-83.734128 42.993899)', '2025-03-14', 'Alumni', '6184238693'),
  (37, 'Jared Klocko', '2025-10-28', 'SRID=4326;POINT(-83.668233 42.967348)', '2025-10-16', 'Active', '3186603557'),
  (38, 'June Bradtke', '2025-11-13', 'SRID=4326;POINT(-83.673906 43.050884)', '2018-04-13', 'Active', '3300055316'),
  (39, 'Winston Huels', '2025-10-23', 'SRID=4326;POINT(-83.717224 43.000292)', '2020-10-24', 'Alumni', '5230375112'),
  (40, 'Marguerite Hane', '2025-11-02', 'SRID=4326;POINT(-83.693588 43.010452)', '2021-10-16', 'Inactive', '4975265505'),
  (41, 'Krystal Upton', '2025-11-16', 'SRID=4326;POINT(-83.70038 42.990144)', '2021-11-26', 'Alumni', '4927807031'),
  (42, 'Willie O''Conner DDS', '2025-10-28', 'SRID=4326;POINT(-83.708568 43.021442)', '2024-04-23', 'Inactive', NULL),
  (43, 'Glenda Daugherty', '2025-11-17', 'SRID=4326;POINT(-83.654543 42.987771)', '2025-02-16', 'Active', NULL),
  (44, 'Sidney Johnson', '2025-11-10', 'SRID=4326;POINT(-83.649238 42.96319)', '2018-02-27', 'Inactive', '2605693277'),
  (45, 'Flora Lemke', '2025-10-21', 'SRID=4326;POINT(-83.662558 42.962881)', '2021-06-29', 'Active', NULL),
  (46, 'Elijah Auer', '2025-11-14', 'SRID=4326;POINT(-83.668021 42.975215)', '2018-09-23', 'Inactive', NULL),
  (47, 'Natasha Langworth', '2025-10-21', 'SRID=4326;POINT(-83.649844 42.966823)', '2021-12-31', 'Active', '6670322226'),
  (48, 'Richard Wehner', '2025-10-25', 'SRID=4326;POINT(-83.687261 43.003817)', '2025-03-24', 'Inactive', '0952900174'),
  (49, 'Carrie Waelchi-Stroman', '2025-10-27', 'SRID=4326;POINT(-83.641303 43.054211)', '2023-06-21', 'Active', '1890881289'),
  (50, 'Grady Bins', '2025-11-01', 'SRID=4326;POINT(-83.73313 42.990714)', '2025-06-15', 'Active', '9073657361'),
  (51, 'Johnnie Stroman', '2025-11-17', 'SRID=4326;POINT(-83.732773 43.05178)', '2020-01-18', 'Alumni', '4409800854'),
  (52, 'Zachary Jacobi', '2025-11-14', 'SRID=4326;POINT(-83.66558 43.012091)', '2023-06-07', 'Active', '8093278036'),
  (53, 'Mrs. Eva Koss', '2025-11-11', 'SRID=4326;POINT(-83.665249 43.01838)', '2022-01-25', 'Active', NULL),
  (54, 'Pauline Williamson', '2025-11-07', 'SRID=4326;POINT(-83.705113 43.001049)', '2024-07-18', 'Active', NULL),
  (55, 'Lynda Kiehn III', '2025-11-03', 'SRID=4326;POINT(-83.720243 43.03552)', '2022-12-30', 'Active', NULL),
  (56, 'Rachel Lindgren', '2025-10-24', 'SRID=4326;POINT(-83.695158 42.9849)', '2020-08-12', 'Alumni', '8825804090'),
  (57, 'Annie Stanton', '2025-11-17', 'SRID=4326;POINT(-83.647292 42.979242)', '2022-04-18', 'Active', '8905071765'),
  (58, 'Ora Vandervort', '2025-11-06', 'SRID=4326;POINT(-83.650329 42.976186)', '2021-09-15', 'Alumni', '4446837549'),
  (59, 'Jonathan Lindgren-Roberts', '2025-11-17', 'SRID=4326;POINT(-83.690359 43.058992)', '2022-05-08', 'Inactive', '6374451724'),
  (60, 'Jose Stroman', '2025-11-13', 'SRID=4326;POINT(-83.669418 42.973379)', '2020-07-17', 'Alumni', '2448178079'),
  (61, 'Jake Sauer', '2025-11-01', 'SRID=4326;POINT(-83.654831 43.052198)', '2024-01-10', 'Inactive', '2069541923'),
  (62, 'Felipe Stehr', '2025-11-14', 'SRID=4326;POINT(-83.72524 42.965053)', '2018-04-02', 'Inactive', '0966358521'),
  (63, 'Javier Ondricka', '2025-10-30', 'SRID=4326;POINT(-83.697707 43.006742)', '2018-07-02', 'Active', '4242871487'),
  (64, 'Carmen Labadie', '2025-10-29', 'SRID=4326;POINT(-83.719852 43.029495)', '2022-11-28', 'Active', '2569452459'),
  (65, 'Clay Greenholt-Wintheiser', '2025-11-01', 'SRID=4326;POINT(-83.638125 43.041993)', '2018-02-14', 'Active', NULL),
  (66, 'Warren Carroll', '2025-10-23', 'SRID=4326;POINT(-83.671618 43.046256)', '2024-02-21', 'Inactive', '6474794060'),
  (67, 'Dianna Mayert', '2025-10-22', 'SRID=4326;POINT(-83.685849 43.027652)', '2019-08-11', 'Inactive', '2859735864'),
  (68, 'Harvey Heller', '2025-11-12', 'SRID=4326;POINT(-83.696937 43.025895)', '2022-10-07', 'Active', '3367126414'),
  (69, 'Nichole Legros I', '2025-11-02', 'SRID=4326;POINT(-83.673176 42.97958)', '2018-07-07', 'Inactive', NULL),
  (70, 'Leland Gislason', '2025-11-17', 'SRID=4326;POINT(-83.648156 42.994618)', '2022-05-29', 'Inactive', '6377283811'),
  (71, 'Mr. Ricardo Dooley', '2025-10-26', 'SRID=4326;POINT(-83.678704 42.999359)', '2018-01-31', 'Active', '5092541475'),
  (72, 'Mr. Walter Schamberger', '2025-10-21', 'SRID=4326;POINT(-83.706698 43.035531)', '2019-04-16', 'Alumni', NULL),
  (73, 'John Schmeler', '2025-10-22', 'SRID=4326;POINT(-83.727259 43.037441)', '2023-02-04', 'Inactive', NULL),
  (74, 'Lindsay Zieme', '2025-11-14', 'SRID=4326;POINT(-83.690453 43.059336)', '2021-02-19', 'Inactive', '1065096212'),
  (75, 'Inez Cruickshank', '2025-11-04', 'SRID=4326;POINT(-83.652586 43.019533)', '2021-01-21', 'Active', '4583406269'),
  (76, 'Brittany Dibbert', '2025-10-23', 'SRID=4326;POINT(-83.73227 43.050032)', '2021-04-25', 'Active', '6668822452'),
  (77, 'Juan Renner-Yost II', '2025-11-14', 'SRID=4326;POINT(-83.712115 43.024911)', '2023-10-06', 'Inactive', NULL),
  (78, 'Rodney Little', '2025-11-09', 'SRID=4326;POINT(-83.695463 43.016116)', '2020-01-05', 'Active', '6082835184'),
  (79, 'Casey Hettinger', '2025-11-17', 'SRID=4326;POINT(-83.719891 43.040684)', '2023-07-16', 'Alumni', '1741434043'),
  (80, 'Mr. Kelly Pouros', '2025-10-30', 'SRID=4326;POINT(-83.661722 42.989807)', '2022-02-12', 'Alumni', '1547209978'),
  (81, 'Shelia Runolfsson', '2025-11-18', 'SRID=4326;POINT(-83.700911 43.047438)', '2020-08-30', 'Inactive', '3175667012'),
  (82, 'Belinda Thiel', '2025-11-05', 'SRID=4326;POINT(-83.698688 43.000673)', '2021-07-05', 'Alumni', '1331054346'),
  (83, 'Kristy Kessler', '2025-11-06', 'SRID=4326;POINT(-83.662085 43.01856)', '2021-10-16', 'Active', NULL),
  (84, 'Cecil Bailey', '2025-11-15', 'SRID=4326;POINT(-83.724119 42.985705)', '2025-03-27', 'Inactive', '4645416500'),
  (85, 'Anna D''Amore', '2025-10-22', 'SRID=4326;POINT(-83.657478 42.97764)', '2019-10-02', 'Inactive', NULL),
  (86, 'Jody Labadie', '2025-10-30', 'SRID=4326;POINT(-83.693637 43.01047)', '2025-10-19', 'Active', '6719123520'),
  (87, 'Mr. Marco Erdman', '2025-11-15', 'SRID=4326;POINT(-83.638794 43.02354)', '2024-02-01', 'Alumni', NULL),
  (88, 'Priscilla Beier', '2025-10-30', 'SRID=4326;POINT(-83.698113 43.027756)', '2023-06-18', 'Alumni', '7572663132'),
  (89, 'Patrick Donnelly', '2025-11-04', 'SRID=4326;POINT(-83.70518 43.053083)', '2019-04-04', 'Active', NULL),
  (90, 'Darren Kuhlman', '2025-11-04', 'SRID=4326;POINT(-83.659716 43.052246)', '2023-05-13', 'Alumni', NULL),
  (91, 'Marcos Welch', '2025-10-30', 'SRID=4326;POINT(-83.707397 43.024223)', '2023-10-17', 'Inactive', '6229057512'),
  (92, 'Preston Dibbert', '2025-11-15', 'SRID=4326;POINT(-83.692339 42.987092)', '2024-11-26', 'Active', '3196864828'),
  (93, 'Marlene Robel', '2025-11-09', 'SRID=4326;POINT(-83.670033 42.964767)', '2019-06-03', 'Alumni', '4010345099'),
  (94, 'Kristin Nader', '2025-10-20', 'SRID=4326;POINT(-83.641567 42.989296)', '2021-09-15', 'Active', '9390314133'),
  (95, 'Kim Gusikowski-Hessel DVM', '2025-10-30', 'SRID=4326;POINT(-83.639474 43.015171)', '2024-12-08', 'Alumni', NULL),
  (96, 'Patty Dicki', '2025-10-29', 'SRID=4326;POINT(-83.705554 43.038687)', '2024-04-22', 'Alumni', NULL),
  (97, 'Mr. Edward Lakin', '2025-11-06', 'SRID=4326;POINT(-83.700878 43.029723)', '2023-12-30', 'Active', NULL),
  (98, 'Loretta Upton', '2025-10-27', 'SRID=4326;POINT(-83.692024 43.037862)', '2021-05-09', 'Active', '1927503174'),
  (99, 'Tami Bartoletti', '2025-10-21', 'SRID=4326;POINT(-83.729862 43.0431)', '2023-05-05', 'Inactive', NULL),
  (100, 'Lucas Turcotte', '2025-10-22', 'SRID=4326;POINT(-83.684913 43.016709)', '2022-10-28', 'Active', '5534000584'),
  (101, 'Nancy Spinka', '2025-11-10', 'SRID=4326;POINT(-83.692056 42.990258)', '2020-07-10', 'Alumni', '0942091287'),
  (102, 'Toni Mohr', '2025-10-30', 'SRID=4326;POINT(-83.694247 42.993282)', '2019-10-10', 'Alumni', '6751347774'),
  (103, 'Marta Little', '2025-11-08', 'SRID=4326;POINT(-83.657214 43.03171)', '2022-07-16', 'Active', '2615075643'),
  (104, 'Melissa Nitzsche', '2025-10-28', 'SRID=4326;POINT(-83.721149 42.972031)', '2019-10-08', 'Active', NULL),
  (105, 'Lela Stroman', '2025-11-14', 'SRID=4326;POINT(-83.708881 43.038407)', '2024-09-17', 'Inactive', '0668616479'),
  (106, 'Dean Schimmel', '2025-11-15', 'SRID=4326;POINT(-83.726863 43.013881)', '2022-03-20', 'Alumni', '6277084747'),
  (107, 'Ira Jerde', '2025-10-26', 'SRID=4326;POINT(-83.639875 42.973272)', '2024-05-06', 'Inactive', '1812664140'),
  (108, 'Alyssa Borer', '2025-11-11', 'SRID=4326;POINT(-83.688284 42.962789)', '2020-07-19', 'Inactive', NULL),
  (109, 'Renee Wilkinson IV', '2025-11-05', 'SRID=4326;POINT(-83.725756 43.038996)', '2021-05-05', 'Inactive', '2231990848'),
  (110, 'Daisy Klocko', '2025-11-02', 'SRID=4326;POINT(-83.71098 42.998846)', '2021-12-19', 'Active', '3601535250'),
  (111, 'Elias Howell II', '2025-10-28', 'SRID=4326;POINT(-83.654831 43.000675)', '2024-08-22', 'Alumni', '9516778886'),
  (112, 'Amanda Bartell DDS', '2025-11-08', 'SRID=4326;POINT(-83.681413 43.016393)', '2025-01-30', 'Inactive', '8924473462'),
  (113, 'Santiago Wiegand V', '2025-11-02', 'SRID=4326;POINT(-83.672146 43.039882)', '2018-12-07', 'Active', '7533503603'),
  (114, 'Della Gleichner', '2025-10-31', 'SRID=4326;POINT(-83.642807 42.96258)', '2025-05-03', 'Alumni', NULL),
  (115, 'Mrs. Nadine Abbott', '2025-11-09', 'SRID=4326;POINT(-83.690263 43.017722)', '2019-07-13', 'Alumni', '6460102269'),
  (116, 'Dr. Archie Hammes', '2025-10-21', 'SRID=4326;POINT(-83.711593 42.972664)', '2024-07-30', 'Active', '5411859373'),
  (117, 'Andres Upton', '2025-10-27', 'SRID=4326;POINT(-83.736403 42.971343)', '2023-05-31', 'Active', NULL),
  (118, 'Willard Ebert', '2025-11-17', 'SRID=4326;POINT(-83.714043 42.991528)', '2022-04-24', 'Active', '7391921314'),
  (119, 'Cristina Heidenreich', '2025-11-15', 'SRID=4326;POINT(-83.672121 43.007732)', '2019-02-09', 'Active', NULL),
  (120, 'Clayton Jacobs II', '2025-11-03', 'SRID=4326;POINT(-83.734787 42.992508)', '2019-10-27', 'Alumni', '0494424328'),
  (121, 'Jeannie Connelly', '2025-11-14', 'SRID=4326;POINT(-83.654066 42.97359)', '2018-04-15', 'Active', NULL),
  (122, 'Lionel Walsh', '2025-11-04', 'SRID=4326;POINT(-83.660002 42.986892)', '2021-10-15', 'Active', '7852534205'),
  (123, 'Terrence Zemlak', '2025-10-29', 'SRID=4326;POINT(-83.668831 42.964577)', '2025-07-12', 'Active', NULL),
  (124, 'Marsha Corkery', '2025-11-04', 'SRID=4326;POINT(-83.699577 43.052711)', '2023-05-01', 'Inactive', '3934884192'),
  (125, 'Dennis Klein', '2025-11-07', 'SRID=4326;POINT(-83.683506 43.033362)', '2024-11-13', 'Active', '5703337137'),
  (126, 'Omar Bayer', '2025-11-05', 'SRID=4326;POINT(-83.654449 42.98749)', '2023-01-24', 'Alumni', NULL),
  (127, 'Sherry Schmidt', '2025-11-14', 'SRID=4326;POINT(-83.731943 42.979929)', '2018-08-10', 'Alumni', '6423884482'),
  (128, 'Myra Abbott', '2025-11-01', 'SRID=4326;POINT(-83.707953 43.031702)', '2021-06-14', 'Alumni', NULL),
  (129, 'Benjamin Ritchie', '2025-11-02', 'SRID=4326;POINT(-83.642321 42.978506)', '2022-05-24', 'Alumni', '1754971625'),
  (130, 'Dianne Reichel', '2025-11-15', 'SRID=4326;POINT(-83.695535 43.01168)', '2025-01-18', 'Active', NULL),
  (131, 'Mr. Earnest Rowe', '2025-11-18', 'SRID=4326;POINT(-83.638558 43.028242)', '2019-02-19', 'Inactive', NULL),
  (132, 'Patricia Hegmann PhD', '2025-11-13', 'SRID=4326;POINT(-83.642922 43.058425)', '2025-04-27', 'Inactive', '1043975205'),
  (133, 'Sonja Doyle', '2025-11-18', 'SRID=4326;POINT(-83.669903 42.991195)', '2024-07-19', 'Alumni', '3698646675'),
  (134, 'Mildred Kreiger-Harvey IV', '2025-10-25', 'SRID=4326;POINT(-83.650227 43.005463)', '2019-04-20', 'Alumni', '6393333103'),
  (135, 'George Schumm', '2025-11-03', 'SRID=4326;POINT(-83.683154 43.036851)', '2024-09-04', 'Active', NULL),
  (136, 'Vicki Larson', '2025-11-15', 'SRID=4326;POINT(-83.694661 43.017647)', '2022-02-07', 'Inactive', '5946967703'),
  (137, 'Elaine Heaney', '2025-11-15', 'SRID=4326;POINT(-83.682357 42.986317)', '2022-09-06', 'Inactive', '5228103431'),
  (138, 'Ollie Davis', '2025-10-25', 'SRID=4326;POINT(-83.724088 43.000418)', '2018-06-30', 'Active', '2041860818'),
  (139, 'Miriam Boehm', '2025-10-24', 'SRID=4326;POINT(-83.677759 43.000744)', '2018-03-18', 'Inactive', '5810224818'),
  (140, 'Dr. Richard Simonis', '2025-10-23', 'SRID=4326;POINT(-83.714257 42.988189)', '2021-12-22', 'Alumni', NULL),
  (141, 'Henrietta Okuneva', '2025-11-01', 'SRID=4326;POINT(-83.67907 43.013639)', '2020-03-12', 'Alumni', '9967532236'),
  (142, 'Rafael Lakin', '2025-10-29', 'SRID=4326;POINT(-83.648896 43.058741)', '2022-07-17', 'Inactive', NULL),
  (143, 'Dr. Ben Gislason', '2025-10-21', 'SRID=4326;POINT(-83.708227 42.977478)', '2023-03-19', 'Alumni', NULL),
  (144, 'Iris Gerlach', '2025-11-17', 'SRID=4326;POINT(-83.66059 43.055486)', '2018-12-06', 'Inactive', '3801053290'),
  (145, 'Dr. Peter Greenfelder', '2025-10-24', 'SRID=4326;POINT(-83.706317 43.039913)', '2024-12-15', 'Inactive', '7943040341'),
  (146, 'Dr. Jonathan Lehner', '2025-11-03', 'SRID=4326;POINT(-83.736007 43.016117)', '2018-02-27', 'Alumni', NULL),
  (147, 'Evan Zemlak', '2025-10-20', 'SRID=4326;POINT(-83.728497 43.022833)', '2018-07-13', 'Alumni', '0465299640'),
  (148, 'Devin Marvin', '2025-10-27', 'SRID=4326;POINT(-83.661425 43.037894)', '2020-12-31', 'Active', NULL),
  (149, 'Henry Jaskolski', '2025-11-15', 'SRID=4326;POINT(-83.729252 42.975896)', '2020-11-02', 'Inactive', '5407397640'),
  (150, 'Debbie Toy', '2025-11-12', 'SRID=4326;POINT(-83.724637 42.964139)', '2022-11-17', 'Inactive', '7392720741'),
  (151, 'Megan Jacobson', '2025-10-27', 'SRID=4326;POINT(-83.717997 43.047682)', '2019-02-24', 'Alumni', NULL),
  (152, 'Jeremy Bergstrom', '2025-10-31', 'SRID=4326;POINT(-83.654316 43.038226)', '2021-04-04', 'Active', NULL),
  (153, 'Kelvin Langosh', '2025-11-17', 'SRID=4326;POINT(-83.711068 43.002744)', '2024-08-20', 'Alumni', '5385463252'),
  (154, 'Ramona Funk', '2025-10-26', 'SRID=4326;POINT(-83.686979 42.995805)', '2025-07-06', 'Inactive', '5712191874'),
  (155, 'Sheri Auer', '2025-11-03', 'SRID=4326;POINT(-83.640727 43.041606)', '2022-04-11', 'Inactive', '4108686758'),
  (156, 'Kay Cronin', '2025-11-16', 'SRID=4326;POINT(-83.701101 43.023357)', '2023-05-01', 'Alumni', '6920926628'),
  (157, 'Lester Medhurst', '2025-11-19', 'SRID=4326;POINT(-83.699261 43.051549)', '2021-01-16', 'Inactive', '8306001485'),
  (158, 'Dr. Anita Stiedemann', '2025-11-07', 'SRID=4326;POINT(-83.656529 43.010886)', '2019-10-14', 'Alumni', '5768587995'),
  (159, 'Corey Kreiger', '2025-11-13', 'SRID=4326;POINT(-83.725876 43.059772)', '2022-06-24', 'Alumni', '9099890967'),
  (160, 'Margie Schumm-Pfeffer III', '2025-11-01', 'SRID=4326;POINT(-83.692442 43.05285)', '2018-12-31', 'Inactive', '4359393560'),
  (161, 'Josh Ankunding', '2025-11-18', 'SRID=4326;POINT(-83.726479 42.965309)', '2022-02-27', 'Active', NULL),
  (162, 'Marcia Lemke', '2025-11-07', 'SRID=4326;POINT(-83.672552 43.009899)', '2022-03-16', 'Inactive', '5397471272'),
  (163, 'Tracy Yost', '2025-10-23', 'SRID=4326;POINT(-83.706859 43.014129)', '2021-10-14', 'Alumni', '3980484591'),
  (164, 'Celia Runte', '2025-11-09', 'SRID=4326;POINT(-83.705604 42.990822)', '2021-07-12', 'Inactive', '7929844956'),
  (165, 'Jason Haag', '2025-11-13', 'SRID=4326;POINT(-83.677305 43.061197)', '2024-11-15', 'Alumni', '1641433569'),
  (166, 'Miss Sue Roberts Jr.', '2025-11-10', 'SRID=4326;POINT(-83.646726 43.056292)', '2022-06-24', 'Inactive', '6530372003'),
  (167, 'Randy Corwin', '2025-10-29', 'SRID=4326;POINT(-83.670841 43.021503)', '2022-09-14', 'Inactive', '7963844069'),
  (168, 'Minnie Schulist', '2025-10-27', 'SRID=4326;POINT(-83.734919 42.968729)', '2018-12-30', 'Inactive', NULL),
  (169, 'Judy Boehm', '2025-11-05', 'SRID=4326;POINT(-83.654383 42.964313)', '2018-08-21', 'Alumni', '2432971703'),
  (170, 'Amanda Gutkowski', '2025-11-16', 'SRID=4326;POINT(-83.674966 42.967542)', '2025-04-02', 'Inactive', '0716209020'),
  (171, 'Michelle Huel', '2025-11-05', 'SRID=4326;POINT(-83.651895 42.97877)', '2019-01-21', 'Alumni', '2196572064'),
  (172, 'Pearl Kreiger', '2025-10-26', 'SRID=4326;POINT(-83.729472 43.045338)', '2025-11-06', 'Alumni', '1771982353'),
  (173, 'Sergio Bergstrom', '2025-11-15', 'SRID=4326;POINT(-83.705991 43.034455)', '2022-08-05', 'Alumni', '7808740222'),
  (174, 'Deanna Gorczany', '2025-10-20', 'SRID=4326;POINT(-83.724681 42.971925)', '2020-11-18', 'Active', '4531729538'),
  (175, 'Tammy McKenzie', '2025-10-28', 'SRID=4326;POINT(-83.673105 43.023222)', '2019-11-01', 'Alumni', '4977969470'),
  (176, 'Lisa Murphy', '2025-10-30', 'SRID=4326;POINT(-83.650089 43.009112)', '2023-05-11', 'Inactive', '0692636947'),
  (177, 'Levi Lockman', '2025-11-05', 'SRID=4326;POINT(-83.653706 43.021783)', '2023-03-29', 'Inactive', '0134738034'),
  (178, 'Miss Gina Hegmann', '2025-11-18', 'SRID=4326;POINT(-83.650484 43.040908)', '2022-09-09', 'Active', '4834511518'),
  (179, 'Jan Moen', '2025-11-12', 'SRID=4326;POINT(-83.718682 43.010667)', '2025-07-19', 'Inactive', '2415610623'),
  (180, 'Miss Rachel Doyle', '2025-11-17', 'SRID=4326;POINT(-83.72613 43.052284)', '2023-03-27', 'Inactive', '5663820209'),
  (181, 'Eva Lockman', '2025-11-16', 'SRID=4326;POINT(-83.73115 43.055027)', '2025-01-27', 'Active', '2702939289'),
  (182, 'Lester Bernier', '2025-11-01', 'SRID=4326;POINT(-83.654042 42.985434)', '2023-11-20', 'Alumni', '5887913953'),
  (183, 'Hector Metz', '2025-11-13', 'SRID=4326;POINT(-83.724209 43.021597)', '2022-05-21', 'Alumni', '6758418927'),
  (184, 'Beth Lockman', '2025-10-25', 'SRID=4326;POINT(-83.701187 42.987475)', '2018-04-24', 'Alumni', NULL),
  (185, 'Theodore Champlin', '2025-11-14', 'SRID=4326;POINT(-83.655497 43.055438)', '2020-11-08', 'Inactive', NULL),
  (186, 'Myrtle Pfeffer', '2025-11-17', 'SRID=4326;POINT(-83.695785 42.981826)', '2025-04-13', 'Active', NULL),
  (187, 'Mr. Archie Jaskolski', '2025-10-22', 'SRID=4326;POINT(-83.669174 43.010946)', '2020-01-19', 'Inactive', NULL),
  (188, 'Kelly Borer', '2025-10-29', 'SRID=4326;POINT(-83.675467 43.004139)', '2023-08-23', 'Active', '6420608950'),
  (189, 'Sara Kuhic', '2025-11-10', 'SRID=4326;POINT(-83.701093 43.019248)', '2019-06-22', 'Inactive', '8411738777'),
  (190, 'Gerardo Smith', '2025-10-23', 'SRID=4326;POINT(-83.649708 42.966826)', '2025-02-23', 'Inactive', '2574063365'),
  (191, 'Rufus Armstrong', '2025-11-03', 'SRID=4326;POINT(-83.670546 42.977814)', '2019-12-11', 'Active', '0618670731'),
  (192, 'Elbert Upton', '2025-11-04', 'SRID=4326;POINT(-83.694405 43.035276)', '2022-04-05', 'Active', '2918179399'),
  (193, 'Mr. Andres Bednar', '2025-10-21', 'SRID=4326;POINT(-83.645665 43.048951)', '2023-10-09', 'Alumni', '6821859738'),
  (194, 'Rodolfo Nolan', '2025-10-27', 'SRID=4326;POINT(-83.648113 43.048887)', '2025-03-14', 'Alumni', '6119409379'),
  (195, 'Dr. Rex Zulauf', '2025-10-27', 'SRID=4326;POINT(-83.715758 42.963106)', '2025-01-22', 'Inactive', NULL),
  (196, 'Gordon Pacocha', '2025-10-21', 'SRID=4326;POINT(-83.73121 43.009973)', '2019-06-16', 'Inactive', NULL),
  (197, 'Garrett Wehner', '2025-11-09', 'SRID=4326;POINT(-83.695806 43.036356)', '2024-04-18', 'Alumni', '2143455492'),
  (198, 'Dr. Archie Mohr', '2025-10-28', 'SRID=4326;POINT(-83.639234 43.033332)', '2024-05-14', 'Alumni', '8134752233'),
  (199, 'George Nitzsche', '2025-10-26', 'SRID=4326;POINT(-83.685851 43.060758)', '2019-01-13', 'Inactive', '0641604208'),
  (200, 'Forrest Dietrich', '2025-10-26', 'SRID=4326;POINT(-83.709975 42.99204)', '2021-02-11', 'Inactive', '6203506018');

-- Insert mock data for teams
INSERT INTO "public"."teams" ("id", "display_name", "age_group", "season_year", "color") VALUES
  (1, 'U8 - Purple', 'U18', 2026, '#c8ba9f'),
  (2, 'U18 - Orange', 'U10', 2028, '#edfd22'),
  (3, 'U8 - Purple', 'U14', 2019, '#c3eee4'),
  (4, 'U18 - Yellow', 'U14', 2030, '#ffb4ce'),
  (5, 'U14 - Green', 'U18', 2024, '#396cca'),
  (6, 'U8 - Yellow', 'U12', 2029, '#a09ab8'),
  (7, 'U8 - Purple', 'U12', 2030, '#eccf93'),
  (8, 'U8 - Red', 'U18', 2027, '#baa5a2'),
  (9, 'U8 - Blue', 'U10', 2024, '#efaaed'),
  (10, 'U18 - Orange', 'U8', 2023, '#e4aa46'),
  (11, 'U8 - Purple', 'U16', 2027, '#e31aab'),
  (12, 'U14 - Yellow', 'U18', 2022, '#a7f1f4'),
  (13, 'U10 - Purple', 'U14', 2021, '#5d3bf4'),
  (14, 'U10 - Blue', 'U10', 2020, '#e1d5a7'),
  (15, 'U18 - Yellow', 'U8', 2021, '#70e70e'),
  (16, 'U14 - Green', 'U8', 2020, '#f6da8f');

-- Insert mock data for team_rosters
INSERT INTO "public"."team_rosters" ("id", "team_id", "participant_id", "season_year", "jersey_number") VALUES
  (1, 8, 64, 283, 6),
  (2, 8, 171, 568, 40),
  (3, 12, 179, 542, 14),
  (4, 6, 14, 266, 26),
  (5, 4, 67, 874, 24),
  (6, 3, 171, 836, NULL),
  (7, 10, 27, 591, 78),
  (8, 2, 127, 771, NULL),
  (9, 2, 83, 326, 36),
  (10, 13, 28, 767, 31),
  (11, 13, 11, 423, 46),
  (12, 3, 197, 207, 77),
  (13, 11, 24, 853, NULL),
  (14, 12, 117, 345, NULL),
  (15, 10, 141, 454, NULL),
  (16, 13, 136, 866, 76),
  (17, 13, 9, 12, 95),
  (18, 8, 62, 847, 7),
  (19, 3, 80, 577, 59),
  (20, 1, 123, 429, NULL),
  (21, 5, 41, 539, NULL),
  (22, 15, 15, 797, NULL),
  (23, 12, 64, 398, 32),
  (24, 14, 112, 932, 80),
  (25, 6, 140, 602, 13),
  (26, 13, 2, 138, 14),
  (27, 10, 113, 220, 83),
  (28, 1, 62, 33, NULL),
  (29, 7, 5, 705, NULL),
  (30, 1, 137, 186, 4);

-- Insert mock data for sponsors
INSERT INTO "public"."sponsors" ("id", "display_name", "sponsor_type", "total_contribution", "partnership_start", "contact_email", "location") VALUES
  (1, 'Hane Inc', 'Individual', '33514.50', '2022-04-24', 'Maiya_Ryan@example.com', 'SRID=4326;POINT(-83.688079 43.04446)'),
  (2, 'Conroy, Maggio and Ullrich', 'Grant', '25492.80', '2022-03-06', 'David_Hirthe@example.com', 'SRID=4326;POINT(-83.720924 42.992931)'),
  (3, 'Bauch, Mante and Altenwerth', 'Individual', '11502.05', '2020-08-06', 'Darrick.Mann4@example.com', 'SRID=4326;POINT(-83.66925 43.03207)'),
  (4, 'Quitzon and Sons', 'Grant', '37055.16', '2024-02-02', 'Carmella.Corwin@example.com', 'SRID=4326;POINT(-83.694049 43.035729)'),
  (5, 'Beier - Luettgen', 'Foundation', '97381.63', '2019-05-08', NULL, 'SRID=4326;POINT(-83.714376 42.990127)'),
  (6, 'Hahn - Osinski', 'Grant', '12097.89', '2020-09-26', NULL, 'SRID=4326;POINT(-83.664695 43.030658)'),
  (7, 'Mills, Marks and Predovic', NULL, '69739.69', '2020-08-22', 'Natasha.Satterfield11@example.com', 'SRID=4326;POINT(-83.668591 43.007673)'),
  (8, 'Lindgren - Ernser', NULL, '29287.55', '2024-08-24', 'Anna0@example.com', 'SRID=4326;POINT(-83.692214 42.972745)');

-- Notify PostgREST to reload schema cache
NOTIFY pgrst, 'reload schema';
